d_pawn_rank,e_pawn_rank,black_king,side_to_move,white_win_wk_squares,legal_wk_squares,draw_wk_squares
2,4,d3,black,10,55,45
2,4,e3,black,11,55,44
2,4,f3,black,13,54,41
2,4,d4,black,8,54,46
2,4,f4,black,11,54,43
2,4,d5,black,11,54,43
2,4,e5,black,11,54,43
2,4,f5,black,13,54,41
2,5,d4,black,15,54,39
2,5,e4,black,15,54,39
2,5,f4,black,18,54,36
2,5,d5,black,14,54,40
2,5,f5,black,17,54,37
2,5,d6,black,17,54,37
2,5,e6,black,17,54,37
2,5,f6,black,19,54,35
2,6,c5,black,42,53,11
2,6,d5,black,18,54,36
2,6,e5,black,18,54,36
2,6,f5,black,21,54,33
2,6,g5,black,44,53,9
2,6,c6,black,42,53,11
2,6,d6,white,43,54,11
2,6,d6,black,18,54,36
2,6,f6,white,42,54,12
2,6,f6,black,21,54,33
2,6,g6,black,44,53,9
2,6,c7,black,42,53,11
2,6,d7,black,21,54,33
2,6,e7,white,41,54,13
2,6,e7,black,21,54,33
2,6,f7,black,23,54,31
2,6,g7,black,45,53,8
2,6,d8,black,43,56,13
2,6,e8,black,43,56,13
2,6,f8,black,45,56,11
2,7,d6,black,35,54,19
2,7,e6,black,35,54,19
2,7,f6,black,36,54,18
2,7,d7,black,35,54,19
2,7,f7,black,37,54,17
2,7,d8,black,38,57,19
2,7,e8,white,55,57,2
2,7,e8,black,37,57,20
2,7,f8,black,40,57,17
3,3,c2,black,14,54,40
3,3,d2,black,8,55,47
3,3,e2,black,8,55,47
3,3,f2,black,14,54,40
3,3,c3,black,12,54,42
3,3,f3,black,12,54,42
3,3,c4,black,13,54,41
3,3,d4,black,6,55,49
3,3,e4,black,6,55,49
3,3,f4,black,13,54,41
3,5,d4,black,10,55,45
3,5,e4,black,11,55,44
3,5,f4,black,13,54,41
3,5,d5,black,8,54,46
3,5,f5,black,11,54,43
3,5,d6,black,11,54,43
3,5,e6,black,11,54,43
3,5,f6,black,13,54,41
3,6,c5,black,38,53,15
3,6,d5,black,15,54,39
3,6,e5,black,15,54,39
3,6,f5,black,18,54,36
3,6,g5,black,40,53,13
3,6,c6,black,38,53,15
3,6,d6,white,39,54,15
3,6,d6,black,14,54,40
3,6,f6,white,38,54,16
3,6,f6,black,17,54,37
3,6,g6,black,40,53,13
3,6,c7,black,38,53,15
3,6,d7,black,17,54,37
3,6,e7,white,37,54,17
3,6,e7,black,17,54,37
3,6,f7,black,19,54,35
3,6,g7,black,41,53,12
3,6,d8,black,39,56,17
3,6,e8,black,39,56,17
3,6,f8,black,41,56,15
3,7,d6,black,18,54,36
3,7,e6,black,18,54,36
3,7,f6,black,21,54,33
3,7,d7,black,18,54,36
3,7,f7,black,21,54,33
3,7,d8,black,21,57,36
3,7,e8,white,38,57,19
3,7,e8,black,20,57,37
3,7,f8,black,23,57,34
4,2,c3,black,13,54,41
4,2,d3,black,11,55,44
4,2,e3,black,10,55,45
4,2,c4,black,11,54,43
4,2,e4,black,8,54,46
4,2,c5,black,13,54,41
4,2,d5,black,11,54,43
4,2,e5,black,11,54,43
4,4,c3,black,14,54,40
4,4,d3,black,8,55,47
4,4,e3,black,8,55,47
4,4,f3,black,14,54,40
4,4,c4,black,12,54,42
4,4,f4,black,12,54,42
4,4,c5,black,13,54,41
4,4,d5,black,6,55,49
4,4,e5,black,6,55,49
4,4,f5,black,13,54,41
4,6,d5,black,10,55,45
4,6,e5,black,11,55,44
4,6,f5,black,13,54,41
4,6,d6,black,8,54,46
4,6,f6,black,11,54,43
4,6,d7,black,11,54,43
4,6,e7,black,11,54,43
4,6,f7,black,13,54,41
4,7,d6,black,15,54,39
4,7,e6,black,15,54,39
4,7,f6,black,18,54,36
4,7,d7,black,14,54,40
4,7,f7,black,17,54,37
4,7,d8,black,17,57,40
4,7,e8,white,34,57,23
4,7,e8,black,16,57,41
4,7,f8,black,19,57,38
5,2,c4,black,18,54,36
5,2,d4,black,15,54,39
5,2,e4,black,15,54,39
5,2,c5,black,17,54,37
5,2,e5,black,14,54,40
5,2,c6,black,19,54,35
5,2,d6,black,17,54,37
5,2,e6,black,17,54,37
5,3,c4,black,13,54,41
5,3,d4,black,11,55,44
5,3,e4,black,10,55,45
5,3,c5,black,11,54,43
5,3,e5,black,8,54,46
5,3,c6,black,13,54,41
5,3,d6,black,11,54,43
5,3,e6,black,11,54,43
5,5,c4,black,14,54,40
5,5,d4,black,8,55,47
5,5,e4,black,8,55,47
5,5,f4,black,14,54,40
5,5,c5,black,12,54,42
5,5,f5,black,12,54,42
5,5,c6,black,13,54,41
5,5,d6,black,6,55,49
5,5,e6,black,6,55,49
5,5,f6,black,13,54,41
5,7,d6,black,10,55,45
5,7,e6,black,11,55,44
5,7,f6,black,13,54,41
5,7,d7,black,8,54,46
5,7,f7,black,11,54,43
5,7,d8,black,11,57,46
5,7,e8,black,10,57,47
5,7,f8,black,13,57,44
6,2,b5,black,44,53,9
6,2,c5,black,21,54,33
6,2,d5,black,18,54,36
6,2,e5,black,18,54,36
6,2,f5,black,42,53,11
6,2,b6,black,44,53,9
6,2,c6,white,42,54,12
6,2,c6,black,21,54,33
6,2,e6,white,43,54,11
6,2,e6,black,18,54,36
6,2,f6,black,42,53,11
6,2,b7,black,45,53,8
6,2,c7,black,23,54,31
6,2,d7,white,41,54,13
6,2,d7,black,21,54,33
6,2,e7,black,21,54,33
6,2,f7,black,42,53,11
6,2,c8,black,45,56,11
6,2,d8,black,43,56,13
6,2,e8,black,43,56,13
6,3,b5,black,40,53,13
6,3,c5,black,18,54,36
6,3,d5,black,15,54,39
6,3,e5,black,15,54,39
6,3,f5,black,38,53,15
6,3,b6,black,40,53,13
6,3,c6,white,38,54,16
6,3,c6,black,17,54,37
6,3,e6,white,39,54,15
6,3,e6,black,14,54,40
6,3,f6,black,38,53,15
6,3,b7,black,41,53,12
6,3,c7,black,19,54,35
6,3,d7,white,37,54,17
6,3,d7,black,17,54,37
6,3,e7,black,17,54,37
6,3,f7,black,38,53,15
6,3,c8,black,41,56,15
6,3,d8,black,39,56,17
6,3,e8,black,39,56,17
6,4,c5,black,13,54,41
6,4,d5,black,11,55,44
6,4,e5,black,10,55,45
6,4,c6,black,11,54,43
6,4,e6,black,8,54,46
6,4,c7,black,13,54,41
6,4,d7,black,11,54,43
6,4,e7,black,11,54,43
6,6,c5,black,14,54,40
6,6,d5,black,8,55,47
6,6,e5,black,8,55,47
6,6,f5,black,14,54,40
6,6,c6,black,12,54,42
6,6,f6,black,12,54,42
6,6,c7,black,13,54,41
6,6,d7,black,6,55,49
6,6,e7,black,6,55,49
6,6,f7,black,13,54,41
6,7,e8,black,56,57,1
7,2,c6,black,36,54,18
7,2,d6,black,35,54,19
7,2,e6,black,35,54,19
7,2,c7,black,37,54,17
7,2,e7,black,35,54,19
7,2,c8,black,40,57,17
7,2,d8,white,55,57,2
7,2,d8,black,37,57,20
7,2,e8,black,38,57,19
7,3,c6,black,21,54,33
7,3,d6,black,18,54,36
7,3,e6,black,18,54,36
7,3,c7,black,21,54,33
7,3,e7,black,18,54,36
7,3,c8,black,23,57,34
7,3,d8,white,38,57,19
7,3,d8,black,20,57,37
7,3,e8,black,21,57,36
7,4,c6,black,18,54,36
7,4,d6,black,15,54,39
7,4,e6,black,15,54,39
7,4,c7,black,17,54,37
7,4,e7,black,14,54,40
7,4,c8,black,19,57,38
7,4,d8,white,34,57,23
7,4,d8,black,16,57,41
7,4,e8,black,17,57,40
7,5,c6,black,13,54,41
7,5,d6,black,11,55,44
7,5,e6,black,10,55,45
7,5,c7,black,11,54,43
7,5,e7,black,8,54,46
7,5,c8,black,13,57,44
7,5,d8,black,10,57,47
7,5,e8,black,11,57,46
7,6,d8,black,56,57,1
7,7,d8,black,57,58,1
7,7,e8,black,57,58,1
