Operation,Same-side N/B/R,Opposing minor,Fortress,Two-sided race,Double-brink adversarial,Current classification
PROJECT / INHERITS,Raw monotonicity fails N/B; rook stalemate-only; FAR5 exact all N/B/R; FAR3 exact B/R and N except 96-state family,Exact lower-material capture graph required; target repair uses enemy-access cone,"Projection has 3,440 failures; no raw monotonicity",Unified capture-to-absent closure rather than projection theorem,Unified presence/absence closure,Conditional / topology-sensitive
TARGET,TARGET_SAFE exact across all files tested,"TARGET_NSAFE exact d7,b7,f7",TARGET_SAFE exact under faithful promotion,TARGET_RACE_CLEAR exact BCF/CDG/ABE,TARGET_RACE_PATH_CLEAR exact across discovery/heldouts/R,Reusable schema with semantic resource guards
STRICT ATTRACTOR,Large exact stepping-stone basins; rook ~90.7% of wins at scale,"587,856 d7; 1,173,689 b7; 906,130 f7","585,732 White target attractor","380,663 / 343,878 / 428,203 union attrs","189,236 N; 184,532 B; 436,274 R original",Universal operation once target/domain exact
BRIDGE,Positive N/B interior files; rook zero; branch factor exact,"83 d7; 2,062 b7 pure; factor exact",Not primary; defender sanctuary is dual composition,530 /281 /764 strict pure,Not run,Universal mathematical operation; occurrence conditional on branch kernel
HYPERKERNEL,Irreducible three-way states in N/B; zero rook,Not yet 3-way,N/A,Not yet 3-way,N/A,Universal factorization theorem; higher-order occurrence conditional
LOCALIZE,Strong in G4/G5 advanced-pawn populations,~99.7-99.8% mixed with +13 to +20 pp lift,95.0% with +25.6 pp lift,~99% raw but only +1.4 to +3.0 pp lift,Race slab 100% of everything; contact slab non-selective,"Conditional; report localization lift, not coverage alone"
LOCAL GRAMMAR,G4/G5 final tails hit lookup-like floor,Compact; near-exact heldout but not theorem,Not pushed after 67-tail,Not pushed,10-leaf exact N+B; perfect translated heldout and OOD knight,Multiple compression regimes; local grammar can replace manifold
TERMINAL SEMANTICS,Frozen promotion-terminal race model,Promotion-terminal + exact capture subgames,"Faithful promotion mandatory; historical shortcut adds 274,296 false wins",Race promotion-terminal model explicit,Race promotion-terminal model explicit,Typed model parameter of every proof object
SCALING,N/B/R nested rank bands complete,Fixed-rank file heldouts,One arena,Three file families,Multiple anchor families,Topology-specific coverage growth; description can stay constant
